Id,Label
,
142.250.188.225,142.250.188.225
1.0.0.1,1.0.0.1
52.112.95.183,52.112.95.183
192.168.86.249,192.168.86.249
173.194.166.41,173.194.166.41
40.69.76.172,40.69.76.172
0.0.0.0,0.0.0.0
151.101.130.29,151.101.130.29
fe80::1832:719e:7a83:431a,fe80::1832:719e:7a83:431a
192.168.86.22,192.168.86.22
142.251.2.188,142.251.2.188
52.96.228.130,52.96.228.130
34.36.57.103,34.36.57.103
192.168.86.240,192.168.86.240
52.123.187.2,52.123.187.2
40.97.222.194,40.97.222.194
96.7.128.206,96.7.128.206
20.42.72.131,20.42.72.131
192.168.86.1,192.168.86.1
172.217.14.78,172.217.14.78
ff02::fb,ff02::fb
1.1.1.1,1.1.1.1
239.255.255.250,239.255.255.250
52.96.110.82,52.96.110.82
74.125.137.188,74.125.137.188
52.96.165.66,52.96.165.66
23.43.51.48,23.43.51.48
fe80::148c:757e:cf25:89fc,fe80::148c:757e:cf25:89fc
142.250.188.246,142.250.188.246
184.29.22.25,184.29.22.25
142.250.217.131,142.250.217.131
192.168.86.32,192.168.86.32
255.255.255.255,255.255.255.255
224.0.0.251,224.0.0.251
192.168.86.252,192.168.86.252
40.83.247.108,40.83.247.108
80.254.145.118,80.254.145.118
172.217.12.142,172.217.12.142
140.82.112.26,140.82.112.26
172.64.41.3,172.64.41.3
52.96.110.114,52.96.110.114
52.123.128.14,52.123.128.14
52.96.42.82,52.96.42.82
52.96.166.130,52.96.166.130
173.194.8.166,173.194.8.166
142.250.72.162,142.250.72.162
140.82.112.25,140.82.112.25
20.189.173.13,20.189.173.13
192.168.86.237,192.168.86.237
192.168.86.255,192.168.86.255
13.107.246.69,13.107.246.69
52.96.66.226,52.96.66.226
142.250.176.1,142.250.176.1
142.250.176.14,142.250.176.14
192.168.86.250,192.168.86.250
208.54.148.227,208.54.148.227
74.125.157.38,74.125.157.38
192.168.86.164,192.168.86.164
142.250.217.130,142.250.217.130
52.96.166.162,52.96.166.162
35.174.127.31,35.174.127.31
52.123.129.14,52.123.129.14
142.250.68.2,142.250.68.2
13.107.136.10,13.107.136.10
142.250.188.238,142.250.188.238
172.217.12.134,172.217.12.134
20.42.73.28,20.42.73.28
192.168.86.23,192.168.86.23
162.159.61.3,162.159.61.3
142.250.217.142,142.250.217.142
52.96.188.162,52.96.188.162
34.237.73.95,34.237.73.95
